ID_Instituicao,Nome,Morada,Codigo_Postal,Cidade,Tipo_Instituicao,Capacidade_Beneficiarios_Dia,Aceita_Pereciveis,Fonte_Nome_Concelho
INS0001,CSP de Abadim,"168, Avenida Central",4860-000,Cabeceiras de Basto,Centro Social,95,Sim,Banco Alimentar de Braga - lista de instituições apoiadas
INS0002,CSP Rio Caldo,"62, Rua da Igreja",4840-000,Terras de Bouro,Instituição Religiosa,51,Sim,Banco Alimentar de Braga - lista de instituições apoiadas
INS0003,CSP de Penselo,"156, Rua 25 de Abril",4800-000,Guimarães,Centro Social,32,Sim,Banco Alimentar de Braga - lista de instituições apoiadas
INS0004,CSP de Adaúfe,"60, Rua de São José",4700-000,Braga,Cooperativa,179,Sim,Banco Alimentar de Braga - lista de instituições apoiadas
INS0005,CSP S. Martinho de Candoso,"148, Rua de São José",4800-000,Guimarães,Instituição Religiosa,164,Não,Banco Alimentar de Braga - lista de instituições apoiadas
INS0006,CSP de Antime,"61, Rua da Escola",4820-000,Fafe,Cooperativa,96,Sim,Banco Alimentar de Braga - lista de instituições apoiadas
INS0007,Domus Fraternitas Fundação de Solidariedade Social,"199, Rua da Igreja",4700-000,Braga,Instituição Religiosa,133,Sim,Banco Alimentar de Braga - lista de instituições apoiadas
INS0008,O. Soc. das Franciscanas Missionárias de Maria - O Viveiro,"76, Rua da Igreja",4750-000,Barcelos,Associação,111,Sim,Banco Alimentar de Braga - lista de instituições apoiadas
INS0009,CSP de Arcozelo,"28, Rua 25 de Abril",4750-000,Barcelos,Centro Social,116,Sim,Banco Alimentar de Braga - lista de instituições apoiadas
INS0010,Engenho - Associação de Desenvolvimento Social do Vale d'Este,"159, Rua do Centro",4760-000,Vila Nova de Famalicão,Centro Social,142,Sim,Banco Alimentar de Braga - lista de instituições apoiadas
INS0011,Obra do Sagrado Coração de Maria,"101, Avenida Central",4700-000,Braga,Cooperativa,100,Sim,Banco Alimentar de Braga - lista de instituições apoiadas
INS0012,CSP de Areias de Vilar,"152, Rua de São José",4750-000,Barcelos,Instituição Religiosa,42,Sim,Banco Alimentar de Braga - lista de instituições apoiadas
INS0013,Fundação Bomfim,"174, Rua de São José",4700-000,Braga,Fundação,45,Sim,Banco Alimentar de Braga - lista de instituições apoiadas
INS0014,Obra Social Sagrado Coração de Maria - Equipamento Braga,"30, Rua 25 de Abril",4700-000,Braga,Fundação,141,Sim,Banco Alimentar de Braga - lista de instituições apoiadas
INS0015,CSP de Avidos,"46, Avenida da Liberdade",4760-000,Vila Nova de Famalicão,Fundação,78,Sim,Banco Alimentar de Braga - lista de instituições apoiadas
INS0016,Fundação Lar de S. António de Forjães,"184, Avenida Central",4740-000,Esposende,Cooperativa,68,Sim,Banco Alimentar de Braga - lista de instituições apoiadas
INS0017,Oficina de S. José,"46, Rua da Escola",4700-000,Braga,Santa Casa da Misericórdia,94,Sim,Banco Alimentar de Braga - lista de instituições apoiadas
INS0018,CSP de Cantelães,"180, Avenida da Liberdade",4850-000,Vieira do Minho,Centro Social,83,Sim,Banco Alimentar de Braga - lista de instituições apoiadas
INS0019,Fundação Patronato S. Pedro de Maximinos,"211, Avenida da Liberdade",4700-000,Braga,Santa Casa da Misericórdia,93,Sim,Banco Alimentar de Braga - lista de instituições apoiadas
INS0020,Patronato Nossa Senhora da Torre,"59, Rua da Misericórdia",4700-000,Braga,Instituição Religiosa,105,Sim,Banco Alimentar de Braga - lista de instituições apoiadas
INS0021,CSP de Carreira,"172, Rua da Escola",4750-000,Barcelos,Santa Casa da Misericórdia,142,Sim,Banco Alimentar de Braga - lista de instituições apoiadas
INS0022,Fundação Vieira Gomes,"72, Rua da Igreja",4700-000,Braga,Associação,168,Sim,Banco Alimentar de Braga - lista de instituições apoiadas
INS0023,Projecto Homem - Centro Solidariedade Braga,"196, Rua da Misericórdia",4700-000,Braga,Santa Casa da Misericórdia,174,Não,Banco Alimentar de Braga - lista de instituições apoiadas
INS0024,CSP de Castelões,"97, Rua de São José",4800-000,Guimarães,Associação,155,Não,Banco Alimentar de Braga - lista de instituições apoiadas
INS0025,GASC - Grupo de Acção Social Cristã,"28, Rua Principal",4750-000,Barcelos,Centro Social,64,Sim,Banco Alimentar de Braga - lista de instituições apoiadas
INS0026,Recreio do João - Coop. de Solidariedade Social,"207, Rua 25 de Abril",4750-000,Barcelos,Cooperativa,41,Não,Banco Alimentar de Braga - lista de instituições apoiadas
INS0027,CSP de Cavês,"102, Rua da Misericórdia",4860-000,Cabeceiras de Basto,Santa Casa da Misericórdia,160,Sim,Banco Alimentar de Braga - lista de instituições apoiadas
INS0028,GDR Os Amigos de Urgezes,"146, Rua Principal",4800-000,Guimarães,Instituição Religiosa,54,Sim,Banco Alimentar de Braga - lista de instituições apoiadas
INS0029,Salgueiral SARC,"201, Avenida da Liberdade",4800-000,Guimarães,Centro Social,100,Não,Banco Alimentar de Braga - lista de instituições apoiadas
INS0030,Grassa - Grupo de Acção Solidária Social de Antas,"45, Rua da Escola",4760-000,Vila Nova de Famalicão,Centro Social,92,Sim,Banco Alimentar de Braga - lista de instituições apoiadas
INS0031,SCM de Amares,"134, Avenida Central",4720-000,Amares,Instituição Religiosa,101,Sim,Banco Alimentar de Braga - lista de instituições apoiadas
INS0032,CSP de Cervães,"44, Avenida da Liberdade",4730-000,Vila Verde,Associação,163,Sim,Banco Alimentar de Braga - lista de instituições apoiadas
INS0033,Infantário Nuno Simões,"158, Avenida da Liberdade",4760-000,Vila Nova de Famalicão,Santa Casa da Misericórdia,29,Sim,Banco Alimentar de Braga - lista de instituições apoiadas
INS0034,CPS de Moure,"97, Rua do Centro",4730-000,Vila Verde,Associação,39,Sim,Banco Alimentar de Braga - lista de instituições apoiadas
INS0035,CSP de Choren​se,"150, Avenida Central",4750-000,Barcelos,Centro Social,149,Sim,Banco Alimentar de Braga - lista de instituições apoiadas
INS0036,Instituto Juvenil Maria Imaculada,"199, Rua dos Combatentes",4700-000,Braga,Associação,57,Não,Banco Alimentar de Braga - lista de instituições apoiadas
INS0037,SCM de Esposende,"145, Rua da Igreja",4740-000,Esposende,Fundação,160,Não,Banco Alimentar de Braga - lista de instituições apoiadas
INS0038,CSP de Cibões,"59, Rua dos Combatentes",4840-000,Terras de Bouro,Instituição Religiosa,76,Sim,Banco Alimentar de Braga - lista de instituições apoiadas
INS0039,Instituto Monsenhor Airosa,"107, Avenida da Liberdade",4700-000,Braga,Santa Casa da Misericórdia,157,Não,Banco Alimentar de Braga - lista de instituições apoiadas
INS0040,SCM de Fafe,"35, Rua de São José",4820-000,Fafe,Associação,41,Sim,Banco Alimentar de Braga - lista de instituições apoiadas
INS0041,CSP de Covas,"10, Rua da Misericórdia",4730-000,Vila Verde,Cooperativa,83,Sim,Banco Alimentar de Braga - lista de instituições apoiadas
INS0042,Instituto S. José,"6, Avenida Central",4700-000,Braga,Instituição Religiosa,40,Sim,Banco Alimentar de Braga - lista de instituições apoiadas
INS0043,SCM de Fão,"22, Rua Principal",4740-000,Esposende,Fundação,43,Sim,Banco Alimentar de Braga - lista de instituições apoiadas
INS0044,Irmandade de Santa Cruz,"76, Rua da Escola",4700-000,Braga,Associação,163,Sim,Banco Alimentar de Braga - lista de instituições apoiadas
INS0045,SCM de Riba d'Ave,"190, Rua da Misericórdia",4760-000,Vila Nova de Famalicão,Cooperativa,146,Sim,Banco Alimentar de Braga - lista de instituições apoiadas
INS0046,CSP de Donim,"205, Rua da Escola",4800-000,Guimarães,Santa Casa da Misericórdia,73,Sim,Banco Alimentar de Braga - lista de instituições apoiadas
INS0047,Irmandade dos Congregados,"29, Rua 25 de Abril",4700-000,Braga,Fundação,133,Não,Banco Alimentar de Braga - lista de instituições apoiadas
INS0048,SCM de S. Bento de Arnoia,"124, Rua Principal",4890-000,Celorico de Basto,Instituição Religiosa,50,Sim,Banco Alimentar de Braga - lista de instituições apoiadas
INS0049,CSP de Esmeriz,"108, Avenida da Liberdade",4760-000,Vila Nova de Famalicão,Centro Social,88,Sim,Banco Alimentar de Braga - lista de instituições apoiadas
INS0050,Irmandade N. Sra. da Consolação e Santos Passos,"53, Rua dos Combatentes",4800-000,Guimarães,Santa Casa da Misericórdia,60,Não,Banco Alimentar de Braga - lista de instituições apoiadas
INS0051,SCM de Vieira do Minho,"51, Rua do Centro",4850-000,Vieira do Minho,Santa Casa da Misericórdia,88,Sim,Banco Alimentar de Braga - lista de instituições apoiadas
INS0052,CSP de Esporões,"118, Rua dos Combatentes",4700-000,Braga,Centro Social,37,Sim,Banco Alimentar de Braga - lista de instituições apoiadas
INS0053,Lar D. Pedro V,"28, Rua de São José",4700-000,Braga,Associação,129,Não,Banco Alimentar de Braga - lista de instituições apoiadas
INS0054,SCM de Vila Nova Famalicão,"128, Rua de São José",4760-000,Vila Nova de Famalicão,Santa Casa da Misericórdia,40,Sim,Banco Alimentar de Braga - lista de instituições apoiadas
INS0055,CSP de Fermentões,"102, Rua Principal",4800-000,Guimarães,Santa Casa da Misericórdia,92,Não,Banco Alimentar de Braga - lista de instituições apoiadas
INS0056,Lar de Santo António,"78, Rua 25 de Abril",4700-000,Braga,Instituição Religiosa,167,Não,Banco Alimentar de Braga - lista de instituições apoiadas
INS0057,Sempre a Crescer - Coop. Solidariedade Social,"44, Rua de São José",4750-000,Barcelos,Fundação,80,Sim,Banco Alimentar de Braga - lista de instituições apoiadas
INS0058,CSP de Fragoso,"153, Rua dos Combatentes",4750-000,Barcelos,Centro Social,105,Sim,Banco Alimentar de Braga - lista de instituições apoiadas
INS0059,Lar Trabalhador de Prado,"17, Rua da Misericórdia",4730-000,Vila Verde,Santa Casa da Misericórdia,153,Sim,Banco Alimentar de Braga - lista de instituições apoiadas
INS0060,Socialeloos - Associação Social Cultural Recreativa e Desportiva,"19, Rua dos Combatentes",4760-000,Vila Nova de Famalicão,Centro Social,72,Sim,Banco Alimentar de Braga - lista de instituições apoiadas
INS0061,CSP de Garfe,"157, Avenida Central",4830-000,Póvoa de Lanhoso,Instituição Religiosa,85,Não,Banco Alimentar de Braga - lista de instituições apoiadas
INS0062,Legião de Maria - Palmeira,"35, Rua da Misericórdia",4700-000,Braga,Associação,173,Sim,Banco Alimentar de Braga - lista de instituições apoiadas
INS0063,UPE - Associação C.S.C. Luso-Ucraniano,"163, Avenida Central",4700-000,Braga,Santa Casa da Misericórdia,174,Sim,Banco Alimentar de Braga - lista de instituições apoiadas
INS0064,CSP de Gilmonde,"71, Rua de São José",4750-000,Barcelos,Instituição Religiosa,105,Sim,Banco Alimentar de Braga - lista de instituições apoiadas
INS0065,"Mais Plural - Coop. Solid. para Crianças, Jovens e Idosos","72, Rua 25 de Abril",4700-000,Braga,Associação,101,Não,Banco Alimentar de Braga - lista de instituições apoiadas
INS0066,VAP - Virar a Página,"85, Avenida Central",4700-000,Braga,Centro Social,142,Sim,Banco Alimentar de Braga - lista de instituições apoiadas
INS0067,CSP de Golães,"23, Rua dos Combatentes",4820-000,Fafe,Associação,154,Sim,Banco Alimentar de Braga - lista de instituições apoiadas
INS0068,Nossa Senhora do Extremo,"38, Avenida da Liberdade",4700-000,Braga,Centro Social,87,Sim,Banco Alimentar de Braga - lista de instituições apoiadas
INS0069,Venerável Ordem de S. Francisco - Casa Menino de Deus,"77, Rua da Igreja",4750-000,Barcelos,Santa Casa da Misericórdia,164,Sim,Banco Alimentar de Braga - lista de instituições apoiadas
INS0070,CSP de Gualtar,"161, Rua dos Combatentes",4700-000,Braga,Centro Social,166,Sim,Banco Alimentar de Braga - lista de instituições apoiadas
INS0071,Lar Conde de Agrolongo,"174, Avenida Central",4700-000,Braga,Associação,92,Sim,Banco Alimentar de Braga - lista de instituições apoiadas
INS0072,Vida Norte,"32, Rua dos Combatentes",4700-000,Braga,Associação,94,Sim,Banco Alimentar de Braga - lista de instituições apoiadas
INS0073,CSP de Joane,"159, Rua de São José",4760-000,Vila Nova de Famalicão,Instituição Religiosa,112,Sim,Banco Alimentar de Braga - lista de instituições apoiadas
INS0074,CSP de Lago,"180, Rua do Centro",4720-000,Amares,Cooperativa,150,Sim,Banco Alimentar de Braga - lista de instituições apoiadas
INS0075,CSP de Mascotelos,"18, Avenida Central",4800-000,Guimarães,Instituição Religiosa,133,Sim,Banco Alimentar de Braga - lista de instituições apoiadas
INS0076,Santiago - Centro Social,"16, Rua Principal",4800-000,Guimarães,Fundação,58,Sim,Banco Alimentar de Braga - lista de instituições apoiadas
INS0077,CSP de Mire de Tibães,"46, Rua da Escola",4700-000,Braga,Cooperativa,134,Sim,Banco Alimentar de Braga - lista de instituições apoiadas
INS0078,CSP de Moimenta,"33, Avenida Central",4840-000,Terras de Bouro,Instituição Religiosa,63,Sim,Banco Alimentar de Braga - lista de instituições apoiadas
INS0079,CSP de Monsul,"218, Avenida da Liberdade",4830-000,Póvoa de Lanhoso,Cooperativa,166,Sim,Banco Alimentar de Braga - lista de instituições apoiadas
INS0080,CSP de Nogueira,"115, Rua da Igreja",4700-000,Braga,Centro Social,103,Sim,Banco Alimentar de Braga - lista de instituições apoiadas
INS0081,CSP de Parada de Bouro,"208, Rua Principal",4850-000,Vieira do Minho,Fundação,78,Sim,Banco Alimentar de Braga - lista de instituições apoiadas
